clase,nombre_comun,nombre_cientifico,familia,parte_usada,usos_tradicionales,principios_activos,contraindicaciones,fuente
Allium cepa (Onion),Onion,Allium cepa,,,,,,Herbify / Kaggle ai4a-lab/herb-plant-classification-dataset
Aloe barbadensis miller (Aloevera),Aloevera,Aloe barbadensis miller,,,,,,Herbify / Kaggle ai4a-lab/herb-plant-classification-dataset
Alpinia Galanga (Rasna),Rasna,Alpinia Galanga,,,,,,Herbify / Kaggle ai4a-lab/herb-plant-classification-dataset
Amaranthus Viridis (Arive-Dantu),Arive-Dantu,Amaranthus Viridis,,,,,,Herbify / Kaggle ai4a-lab/herb-plant-classification-dataset
Andrographis paniculata (Nelavembu),Nelavembu,Andrographis paniculata,,,,,,Herbify / Kaggle ai4a-lab/herb-plant-classification-dataset
Annona squamosa (Seethapala),Seethapala,Annona squamosa,,,,,,Herbify / Kaggle ai4a-lab/herb-plant-classification-dataset
Artocarpus heterophyllus (Jackfruit),Jackfruit,Artocarpus heterophyllus,,,,,,Herbify / Kaggle ai4a-lab/herb-plant-classification-dataset
Azadirachta indica (Neem),Neem,Azadirachta indica,,,,,,Herbify / Kaggle ai4a-lab/herb-plant-classification-dataset
Bacopa monnieri (Bhrami),Bhrami,Bacopa monnieri,,,,,,Herbify / Kaggle ai4a-lab/herb-plant-classification-dataset
Basella alba (Malabar Spinach),Malabar Spinach,Basella alba,,,,,,Herbify / Kaggle ai4a-lab/herb-plant-classification-dataset
Carica papaya (Papaya),Papaya,Carica papaya,,,,,,Herbify / Kaggle ai4a-lab/herb-plant-classification-dataset
Carissa Carandas (Karanda),Karanda,Carissa Carandas,,,,,,Herbify / Kaggle ai4a-lab/herb-plant-classification-dataset
Catharanthus roseus (Catharanthus),Catharanthus,Catharanthus roseus,,,,,,Herbify / Kaggle ai4a-lab/herb-plant-classification-dataset
Chamaecostus cuspidatus (Insulin),Insulin,Chamaecostus cuspidatus,,,,,,Herbify / Kaggle ai4a-lab/herb-plant-classification-dataset
Citrus limon (Lemon),Lemon,Citrus limon,,,,,,Herbify / Kaggle ai4a-lab/herb-plant-classification-dataset
Citrus medica (herelikai),herelikai,Citrus medica,,,,,,Herbify / Kaggle ai4a-lab/herb-plant-classification-dataset
Coleus amboinicus (Mexican mint_Doddpathre),Mexican mint_Doddpathre,Coleus amboinicus,,,,,,Herbify / Kaggle ai4a-lab/herb-plant-classification-dataset
Colocasia esculenta (Taro),Taro,Colocasia esculenta,,,,,,Herbify / Kaggle ai4a-lab/herb-plant-classification-dataset
Coriandrum sativum (Coriander),Coriander,Coriandrum sativum,,,,,,Herbify / Kaggle ai4a-lab/herb-plant-classification-dataset
Cucurbita (Pumpkin),Pumpkin,Cucurbita,,,,,,Herbify / Kaggle ai4a-lab/herb-plant-classification-dataset
Eclipta prostrata (Bringaraja),Bringaraja,Eclipta prostrata,,,,,,Herbify / Kaggle ai4a-lab/herb-plant-classification-dataset
Ficus Auriculata (Roxburgh fig),Roxburgh fig,Ficus Auriculata,,,,,,Herbify / Kaggle ai4a-lab/herb-plant-classification-dataset
Ficus Religiosa (Peepal Tree),Peepal Tree,Ficus Religiosa,,,,,,Herbify / Kaggle ai4a-lab/herb-plant-classification-dataset
Gomphrena globosa (Globe Amarnath),Globe Amarnath,Gomphrena globosa,,,,,,Herbify / Kaggle ai4a-lab/herb-plant-classification-dataset
Graptophyllum pictum (Caricature),Caricature,Graptophyllum pictum,,,,,,Herbify / Kaggle ai4a-lab/herb-plant-classification-dataset
Hibiscus rosa-sinensis (Hibiscus),Hibiscus,Hibiscus rosa-sinensis,,,,,,Herbify / Kaggle ai4a-lab/herb-plant-classification-dataset
Hymenaea courbaril (Chakte),Chakte,Hymenaea courbaril,,,,,,Herbify / Kaggle ai4a-lab/herb-plant-classification-dataset
Jasminum (Jasmine),Jasmine,Jasminum,,,,,,Herbify / Kaggle ai4a-lab/herb-plant-classification-dataset
Lawsonia inermis (Henna),Henna,Lawsonia inermis,,,,,,Herbify / Kaggle ai4a-lab/herb-plant-classification-dataset
Mangifera indica (Mango),Mango,Mangifera indica,,,,,,Herbify / Kaggle ai4a-lab/herb-plant-classification-dataset
Mentha (Mint),Mint,Mentha,,,,,,Herbify / Kaggle ai4a-lab/herb-plant-classification-dataset
Momordica dioica (Thumbai_Spiny gourd),Thumbai_Spiny gourd,Momordica dioica,,,,,,Herbify / Kaggle ai4a-lab/herb-plant-classification-dataset
Morinda citrifolia (Nooni),Nooni,Morinda citrifolia,,,,,,Herbify / Kaggle ai4a-lab/herb-plant-classification-dataset
Moringa oleifera (Moringa_Drumstick),Moringa_Drumstick,Moringa oleifera,,,,,,Herbify / Kaggle ai4a-lab/herb-plant-classification-dataset
Muntingia Calabura (Jamaica Cherry-Gasagase),Jamaica Cherry-Gasagase,Muntingia Calabura,,,,,,Herbify / Kaggle ai4a-lab/herb-plant-classification-dataset
Murraya koenigii (Curry),Curry,Murraya koenigii,,,,,,Herbify / Kaggle ai4a-lab/herb-plant-classification-dataset
Nerium oleander (Arali),Arali,Nerium oleander,,,,,,Herbify / Kaggle ai4a-lab/herb-plant-classification-dataset
Nyctanthes arbor-tristis (Parijatha),Parijatha,Nyctanthes arbor-tristis,,,,,,Herbify / Kaggle ai4a-lab/herb-plant-classification-dataset
Ocimum basilicum (kamakasturi),kamakasturi,Ocimum basilicum,,,,,,Herbify / Kaggle ai4a-lab/herb-plant-classification-dataset
Ocimum tenuiflorum (Tulsi),Tulsi,Ocimum tenuiflorum,,,,,,Herbify / Kaggle ai4a-lab/herb-plant-classification-dataset
Papaver somniferum (Poppy seed_Gasagase),Poppy seed_Gasagase,Papaver somniferum,,,,,,Herbify / Kaggle ai4a-lab/herb-plant-classification-dataset
Phaseolus vulgaris (Beans),Beans,Phaseolus vulgaris,,,,,,Herbify / Kaggle ai4a-lab/herb-plant-classification-dataset
Piper betle (Betel),Betel,Piper betle,,,,,,Herbify / Kaggle ai4a-lab/herb-plant-classification-dataset
Pongamia pinnata (Pongamia_Honge),Pongamia_Honge,Pongamia pinnata,,,,,,Herbify / Kaggle ai4a-lab/herb-plant-classification-dataset
Psidium guajava (Guava),Guava,Psidium guajava,,,,,,Herbify / Kaggle ai4a-lab/herb-plant-classification-dataset
Punica granatum (Pomoegranate),Pomoegranate,Punica granatum,,,,,,Herbify / Kaggle ai4a-lab/herb-plant-classification-dataset
Ricinus communis (Castor),Castor,Ricinus communis,,,,,,Herbify / Kaggle ai4a-lab/herb-plant-classification-dataset
Rosa rubiginosa (Rose),Rose,Rosa rubiginosa,,,,,,Herbify / Kaggle ai4a-lab/herb-plant-classification-dataset
Santalum Album (Sandalwood),Sandalwood,Santalum Album,,,,,,Herbify / Kaggle ai4a-lab/herb-plant-classification-dataset
Saraca asoca (Ashoka),Ashoka,Saraca asoca,,,,,,Herbify / Kaggle ai4a-lab/herb-plant-classification-dataset
Spinacia oleracea (Palak(Spinach)),Palak(Spinach),Spinacia oleracea,,,,,,Herbify / Kaggle ai4a-lab/herb-plant-classification-dataset
Syzygium Jambos (Rose Apple),Rose Apple,Syzygium Jambos,,,,,,Herbify / Kaggle ai4a-lab/herb-plant-classification-dataset
Syzygium cumini (Nerale),Nerale,Syzygium cumini,,,,,,Herbify / Kaggle ai4a-lab/herb-plant-classification-dataset
Tabernaemontana Divaricata (Crape Jasmine),Crape Jasmine,Tabernaemontana Divaricata,,,,,,Herbify / Kaggle ai4a-lab/herb-plant-classification-dataset
Tamarindus indica (Tamarind),Tamarind,Tamarindus indica,,,,,,Herbify / Kaggle ai4a-lab/herb-plant-classification-dataset
Tinospora cordifolia (Amruthaballi),Amruthaballi,Tinospora cordifolia,,,,,,Herbify / Kaggle ai4a-lab/herb-plant-classification-dataset
Wrightia tinctoria (Badipala),Badipala,Wrightia tinctoria,,,,,,Herbify / Kaggle ai4a-lab/herb-plant-classification-dataset
